<?xml version="1.0" encoding="UTF-8"?>
<beans xmlns="http://www.springframework.org/schema/beans"
	xmlns:xsi="http://www.w3.org/2001/XMLSchema-instance"
	xmlns:context="http://www.springframework.org/schema/context"
	xsi:schemaLocation="http://www.springframework.org/schema/beans
	http://www.springframework.org/schema/beans/spring-beans-2.5.xsd
	http://www.springframework.org/schema/context
	http://www.springframework.org/schema/context/spring-context-2.5.xsd">

		
	<!-- A Local dataSource Definition using c3p0 connection pool -->
	<bean id="dataSource" class="com.mchange.v2.c3p0.ComboPooledDataSource"	destroy-method="close">
		<property name="driverClass" value="${connection.driver_class}"/>
		<property name="jdbcUrl" value="${jdbc.connection.url}"/>
		<property name="idleConnectionTestPeriod" value="${jdbc.pool.c3p0.idle_connection_test_period}" />
		<property name="preferredTestQuery" value="${jdbc.pool.c3p0.preferred_test_query}" />
		<property name="maxIdleTime" value="${jdbc.pool.c3p0.max_idle_time}" />
		<property name="properties">
			<props>
				<prop key="user">${jdbc.connection.username}</prop>
				<prop key="password">${jdbc.connection.password}</prop>
				<prop key="c3p0.acquire_increment">${jdbc.pool.c3p0.acquire_increment}</prop>
				<prop key="c3p0.max_size">${jdbc.pool.c3p0.max_size}</prop>
				<prop key="c3p0.min_size">${jdbc.pool.c3p0.min_size}</prop>
			</props>
		</property>
	</bean>
	
	<!-- Hibernate SessionFactory definition using exposed dataSource -->
	<!-- hibernate.properties and hibernate.cfg.xml will be loaded on startup -->
	<bean id="sessionFactory" class="org.springframework.orm.hibernate3.annotation.AnnotationSessionFactoryBean">
		<property name="dataSource" ref="dataSource"/>
		<property name="packagesToScan" value="com/javaeye/sample/entity/" />
	</bean>
	
	
	<!-- Transaction manager for a single JDBC DataSource -->
	<bean id="transactionManager" class="org.springframework.orm.hibernate3.HibernateTransactionManager">
		<property name="sessionFactory" ref="sessionFactory" />
	</bean>
	
	<!--  Transaction interceptor  -->
	<bean id="transactionInterceptor" class="org.springframework.transaction.interceptor.TransactionInterceptor">
         <property name="transactionManager" ref="transactionManager" />
         <property name="transactionAttributes">
              <props>
                   <prop key="*">PROPAGATION_REQUIRED</prop>
              </props>
         </property>
    </bean>

	<!-- BeanName auto proxy to define the interceptor -->
    <bean class="org.springframework.aop.framework.autoproxy.BeanNameAutoProxyCreator">
         <property name="beanNames">
              <list>
                   <value>*Service</value>
              </list>
         </property>
         <property name="interceptorNames">
              <list>
                   <value>transactionInterceptor</value>
              </list>
         </property>
     </bean>
		
</beans>